track_id,track_path,genre,subgenre,cultural_tag,artist_id,dataset_name,dataset_track_id,checksum,duration,album,year,split,license,source
golden_upload_01,uploads/3678530f84a641e08d8764d0a7bfb4e8_Aaron_Smith_-_Dancin_-_Krono_Remix.mp3,Disco,Dance-Pop,Commercial Upload,aaron_smith,Real Upload,upload_01,,243.17,Dancin,2014,golden,Commercial Fair Use Test,User Upload
golden_upload_02,uploads/57a678b66a594651ab01550b3f14549c_DELULU_DANCE_-_King.mp3,Pop,Pop / Dance,Commercial Upload,king,Real Upload,upload_02,,258.0,DELULU DANCE,2023,golden,Commercial Fair Use Test,User Upload
golden_upload_03,uploads/6fde372d41ff40748f92c08233526f76_The_Weeknd_JENNIE_Lily-Rose_Depp_-_One_Of_The_Girls_Official_Video.mp3,Pop,R&B / Pop,Commercial Upload,the_weeknd,Real Upload,upload_03,,258.4,The Idol OST,2023,golden,Commercial Fair Use Test,User Upload
golden_upload_04,uploads/9df4be33df0940d5ab426b49ecaca865_Telepatia_-_Kali_Uchis.mp3,Pop,Latin Pop / R&B,Commercial Upload,kali_uchis,Real Upload,upload_04,,169.9,Sin Miedo,2020,golden,Commercial Fair Use Test,User Upload
golden_upload_05,uploads/b4e2a35f3ca34825b457fd2ada7e3620_PYAAR_-_Naam_Sujal.mp3,Pop,Acoustic Pop,Commercial Upload,naam_sujal,Real Upload,upload_05,,228.9,PYAAR,2022,golden,Commercial Fair Use Test,User Upload
golden_upload_06,uploads/e0a39e4c8ac94e649c7d78da5218c1fe_SHARMEELI_-_Frappe_Ash__toorjo_dey.mp3,Hip-Hop,Desi Hip-Hop,Commercial Upload,frappe_ash,Real Upload,upload_06,,133.0,SHARMEELI,2023,golden,Commercial Fair Use Test,User Upload
golden_ambient_01,datasets/processed/fma_ambient_045387.mp3,Ambient,Drone,FMA Benchmark,fma_artist_01,Free Music Archive,045387,,30.0,FMA Album,2010,golden,CC-BY,FMA
golden_ambient_02,datasets/processed/fma_ambient_075429.mp3,Ambient,Atmospheric,FMA Benchmark,fma_artist_02,Free Music Archive,075429,,30.0,FMA Album,2012,golden,CC-BY,FMA
gtzan_blues_00012,datasets/processed/gtzan_blues_blues.00012.wav,Blues,Blues,Global / Western,gtzan_proxy_blues_003,GTZAN,blues/blues.00012.wav,8930d8d339ac2f186512f6611f3301f8c4f2ce0f1149d7f175da453474937ac8,30.01,GTZAN Genre Collection,2002,golden,CC-BY-NC-ND / Marsyas Academic Research,GTZAN
gtzan_blues_00013,datasets/processed/gtzan_blues_blues.00013.wav,Blues,Blues,Global / Western,gtzan_proxy_blues_003,GTZAN,blues/blues.00013.wav,98cba274da4e4c92c6350b206d12ec8be7f36e6656f6f75a9f95e56ca98bfc67,30.01,GTZAN Genre Collection,2002,golden,CC-BY-NC-ND / Marsyas Academic Research,GTZAN
gtzan_classical_00011,datasets/processed/gtzan_classical_classical.00011.wav,Classical,Classical,Global / Western,gtzan_proxy_classical_002,GTZAN,classical/classical.00011.wav,fe88c13f09988d4dbbf0b523c9e63bd1744ce21cb990a3342a20d5b30a842394,30.01,GTZAN Genre Collection,2002,golden,CC-BY-NC-ND / Marsyas Academic Research,GTZAN
gtzan_classical_00012,datasets/processed/gtzan_classical_classical.00012.wav,Classical,Classical,Global / Western,gtzan_proxy_classical_003,GTZAN,classical/classical.00012.wav,198dff16c81ed53eb9fbe25eb04559324e9ea04abf65b64503570ab60929b32d,30.01,GTZAN Genre Collection,2002,golden,CC-BY-NC-ND / Marsyas Academic Research,GTZAN
gtzan_country_00030,datasets/processed/gtzan_country_country.00030.wav,Country,Country,Global / Western,gtzan_proxy_country_007,GTZAN,country/country.00030.wav,97d220386f7336a3c804245ad5652dbb0a82eb02d12ec4a68e9ee738009c3530,30.01,GTZAN Genre Collection,2002,golden,CC-BY-NC-ND / Marsyas Academic Research,GTZAN
gtzan_country_00031,datasets/processed/gtzan_country_country.00031.wav,Country,Country,Global / Western,gtzan_proxy_country_007,GTZAN,country/country.00031.wav,29b829874fe6bef52b3874cbc8ebc8247ff1b5b8c7f0672272f41027210b868d,30.01,GTZAN Genre Collection,2002,golden,CC-BY-NC-ND / Marsyas Academic Research,GTZAN
gtzan_disco_00001,datasets/processed/gtzan_disco_disco.00001.wav,Disco,Disco,Global / Western,gtzan_proxy_disco_000,GTZAN,disco/disco.00001.wav,ab4063da474dddef0c2e95af7c4abd77a50c5911b94ef2984c08a719293f9517,30.21,GTZAN Genre Collection,2002,golden,CC-BY-NC-ND / Marsyas Academic Research,GTZAN
gtzan_disco_00021,datasets/processed/gtzan_disco_disco.00021.wav,Disco,Disco,Global / Western,gtzan_proxy_disco_005,GTZAN,disco/disco.00021.wav,befa241237816590fe2bd97b02e9a6eda84674d1a7e9d73dd361a1bed59cee91,30.01,GTZAN Genre Collection,2002,golden,CC-BY-NC-ND / Marsyas Academic Research,GTZAN
gtzan_hiphop_00000,datasets/processed/gtzan_hiphop_hiphop.00000.wav,Hip-Hop,Hip-Hop,Global / Western,gtzan_proxy_hiphop_000,GTZAN,hiphop/hiphop.00000.wav,3bc38880651d3c2443fc77b9337f10f6cd65695a4efb9bc711f4f7bda3e7fb9a,30.0,GTZAN Genre Collection,2002,golden,CC-BY-NC-ND / Marsyas Academic Research,GTZAN
gtzan_hiphop_00026,datasets/processed/gtzan_hiphop_hiphop.00026.wav,Hip-Hop,Hip-Hop,Global / Western,gtzan_proxy_hiphop_006,GTZAN,hiphop/hiphop.00026.wav,450f773fcc992b8e594c40efe130afc3ec86d3b123437ef5f0696a34323905d9,30.37,GTZAN Genre Collection,2002,golden,CC-BY-NC-ND / Marsyas Academic Research,GTZAN
gtzan_jazz_00073,datasets/processed/gtzan_jazz_jazz.00073.wav,Jazz,Jazz,Global / Western,gtzan_proxy_jazz_018,GTZAN,jazz/jazz.00073.wav,5f7737d3439788ab6dc13cead31b6428b174e718dd938521bf1afb43b2b47244,30.01,GTZAN Genre Collection,2002,golden,CC-BY-NC-ND / Marsyas Academic Research,GTZAN
gtzan_jazz_00074,datasets/processed/gtzan_jazz_jazz.00074.wav,Jazz,Jazz,Global / Western,gtzan_proxy_jazz_018,GTZAN,jazz/jazz.00074.wav,a7834318dead68fd56ab58bbfaf3c519466910e2c0dc022b5f3c65d662672b78,30.01,GTZAN Genre Collection,2002,golden,CC-BY-NC-ND / Marsyas Academic Research,GTZAN
gtzan_metal_00012,datasets/processed/gtzan_metal_metal.00012.wav,Metal,Metal,Global / Western,gtzan_proxy_metal_003,GTZAN,metal/metal.00012.wav,0d4fef9e481088769fc9910ff80c92f25665885cb1f74e6308831dbc77bc8331,30.0,GTZAN Genre Collection,2002,golden,CC-BY-NC-ND / Marsyas Academic Research,GTZAN
gtzan_metal_00013,datasets/processed/gtzan_metal_metal.00013.wav,Metal,Metal,Global / Western,gtzan_proxy_metal_003,GTZAN,metal/metal.00013.wav,f7664f05443789ff9b066a53db39c4fb8fbafff249ba4631b5af8a5704307032,30.0,GTZAN Genre Collection,2002,golden,CC-BY-NC-ND / Marsyas Academic Research,GTZAN
gtzan_pop_00000,datasets/processed/gtzan_pop_pop.00000.wav,Pop,Pop,Global / Western,gtzan_proxy_pop_000,GTZAN,pop/pop.00000.wav,e57da14b6e70f122406c7b6e3e059dda74c42935647951dcad03c1df98e36fb9,30.0,GTZAN Genre Collection,2002,golden,CC-BY-NC-ND / Marsyas Academic Research,GTZAN
gtzan_pop_00001,datasets/processed/gtzan_pop_pop.00001.wav,Pop,Pop,Global / Western,gtzan_proxy_pop_000,GTZAN,pop/pop.00001.wav,6d5256445b5f216fa6e3513abc213331d6a26ea4447a270b10604e55a0478d81,30.0,GTZAN Genre Collection,2002,golden,CC-BY-NC-ND / Marsyas Academic Research,GTZAN
gtzan_reggae_00034,datasets/processed/gtzan_reggae_reggae.00034.wav,Reggae,Reggae,Global / Western,gtzan_proxy_reggae_008,GTZAN,reggae/reggae.00034.wav,b27a1241507f14f2c50585d4223e0642ed9b3e7fdd628b2d06519748b3717acd,30.01,GTZAN Genre Collection,2002,golden,CC-BY-NC-ND / Marsyas Academic Research,GTZAN
gtzan_reggae_00035,datasets/processed/gtzan_reggae_reggae.00035.wav,Reggae,Reggae,Global / Western,gtzan_proxy_reggae_008,GTZAN,reggae/reggae.00035.wav,ede62419adc2dea878315f82380faaeb1225d37a7b06e65b2d11ed0a921d16e9,30.01,GTZAN Genre Collection,2002,golden,CC-BY-NC-ND / Marsyas Academic Research,GTZAN
gtzan_rock_00010,datasets/processed/gtzan_rock_rock.00010.wav,Rock,Rock,Global / Western,gtzan_proxy_rock_002,GTZAN,rock/rock.00010.wav,a418f2c2294b5da25d5baf81b263b894db1b78c5f2c431dea7e0e05196c89848,30.01,GTZAN Genre Collection,2002,golden,CC-BY-NC-ND / Marsyas Academic Research,GTZAN
gtzan_rock_00011,datasets/processed/gtzan_rock_rock.00011.wav,Rock,Rock,Global / Western,gtzan_proxy_rock_002,GTZAN,rock/rock.00011.wav,95dc414c14e1b75a395835ca1bd9e49158466ee251f13b1e6fb3006cfe925b32,30.01,GTZAN Genre Collection,2002,golden,CC-BY-NC-ND / Marsyas Academic Research,GTZAN
